{"cameraMode":{"drawMode":0,"name":"Shaded","section":"Shading Mode"},"sceneLighting":false,"audioPlay":false,"sceneViewState":{"m_AlwaysRefresh":false,"showFog":true,"showSkybox":false,"showFlares":true,"showImageEffects":true,"showParticleSystems":true,"showVisualEffectGraphs":true,"m_FxEnabled":true},"in2DMode":false,"pivot":{"x":87.0000228881836,"y":0.0000015497207641601563,"z":381.9999694824219},"rotation":{"x":0.3909660875797272,"y":0.5400936603546143,"z":-0.31197479367256167,"w":0.6768431663513184},"size":21.277238845825197,"orthographic":false}